{"cameraMode":{"drawMode":0,"name":"Shaded","section":"Shading Mode"},"sceneLighting":true,"audioPlay":false,"sceneViewState":{"showFog":true,"showMaterialUpdate":false,"showSkybox":true,"showFlares":true,"showImageEffects":true,"showParticleSystems":true},"in2DMode":false,"pivot":{"x":5.4601826667785648,"y":17.364072799682618,"z":67.48666381835938},"rotation":{"x":-0.034822817891836169,"y":0.9545238614082336,"z":0.12352121621370316,"w":0.2691132128238678},"size":10.0,"orthographic":false}