{"cameraMode":{"drawMode":0,"name":"Shaded","section":"Shading Mode"},"sceneLighting":true,"audioPlay":false,"sceneViewState":{"showFog":true,"showMaterialUpdate":false,"showSkybox":true,"showFlares":true,"showImageEffects":true,"showParticleSystems":true},"in2DMode":false,"pivot":{"x":-11.833649635314942,"y":-14.497909545898438,"z":-7.300910949707031},"rotation":{"x":-0.00045659704483114183,"y":0.9476885795593262,"z":-0.3198528289794922,"w":0.0007910783169791102},"size":46.10581970214844,"orthographic":false}