{"cameraMode":{"drawMode":0,"name":"Shaded","section":"Shading Mode"},"sceneLighting":false,"audioPlay":false,"sceneViewState":{"showFog":true,"showMaterialUpdate":false,"showSkybox":true,"showFlares":true,"showImageEffects":true,"showParticleSystems":true},"in2DMode":false,"pivot":{"x":-1.5395982265472413,"y":-0.7570833563804627,"z":-1.697593331336975},"rotation":{"x":0.06494206190109253,"y":-0.9350277185440064,"z":0.24255293607711793,"w":0.2503474950790405},"size":3.7450451850891115,"orthographic":false}