{"cameraMode":{"drawMode":0,"name":"Shaded","section":"Shading Mode"},"sceneLighting":false,"audioPlay":false,"sceneViewState":{"showFog":true,"showMaterialUpdate":false,"showSkybox":true,"showFlares":true,"showImageEffects":true,"showParticleSystems":true},"in2DMode":false,"pivot":{"x":-59.60663986206055,"y":2.9277029037475588,"z":38.221466064453128},"rotation":{"x":0.061061762273311618,"y":0.9337198734283447,"z":-0.19317542016506196,"w":0.29529455304145815},"size":46.19937515258789,"orthographic":false}