{"cameraMode":{"drawMode":0,"name":"Shaded","section":"Shading Mode"},"sceneLighting":false,"audioPlay":false,"sceneViewState":{"showFog":true,"showMaterialUpdate":false,"showSkybox":false,"showFlares":true,"showImageEffects":true,"showParticleSystems":true},"in2DMode":false,"pivot":{"x":-1.531400203704834,"y":0.7059199810028076,"z":3.2670366764068605},"rotation":{"x":-0.2193797379732132,"y":0.7051976919174194,"z":-0.24653497338294984,"w":-0.6275513172149658},"size":5.473963737487793,"orthographic":false}