{"cameraMode":{"drawMode":0,"name":"Shaded","section":"Shading Mode"},"sceneLighting":false,"audioPlay":false,"sceneViewState":{"showFog":true,"showMaterialUpdate":false,"showSkybox":true,"showFlares":true,"showImageEffects":true,"showParticleSystems":true},"in2DMode":false,"pivot":{"x":0.2778671681880951,"y":-0.10502031445503235,"z":-0.4692719578742981},"rotation":{"x":-0.11597977578639984,"y":-0.7221826314926148,"z":0.12494406849145889,"w":-0.6703654527664185},"size":5.638993740081787,"orthographic":false}