{"cameraMode":{"drawMode":0,"name":"Shaded","section":"Shading Mode"},"sceneLighting":true,"audioPlay":false,"sceneViewState":{"showFog":true,"showMaterialUpdate":false,"showSkybox":true,"showFlares":true,"showImageEffects":true,"showParticleSystems":true},"in2DMode":false,"pivot":{"x":-0.4415583610534668,"y":7.820301055908203,"z":-2.9629039764404299},"rotation":{"x":0.05072395130991936,"y":-0.8470560312271118,"z":0.5233593583106995,"w":0.08097485452890396},"size":25.855892181396486,"orthographic":false}