{"cameraMode":{"drawMode":0,"name":"Shaded","section":"Shading Mode"},"sceneLighting":false,"audioPlay":false,"sceneViewState":{"showFog":true,"showMaterialUpdate":false,"showSkybox":false,"showFlares":true,"showImageEffects":true,"showParticleSystems":true},"in2DMode":false,"pivot":{"x":1.5627732276916505,"y":1.3882176876068116,"z":1.182149887084961},"rotation":{"x":-0.46734553575515749,"y":0.009819118306040764,"z":-0.005171187687665224,"w":-0.8840242624282837},"size":5.640262603759766,"orthographic":false}