{"cameraMode":{"drawMode":0,"name":"Shaded","section":"Shading Mode"},"sceneLighting":false,"audioPlay":false,"sceneViewState":{"showFog":true,"showMaterialUpdate":false,"showSkybox":false,"showFlares":true,"showImageEffects":true,"showParticleSystems":true},"in2DMode":false,"pivot":{"x":16.685640335083009,"y":-38.418739318847659,"z":-53.43212890625},"rotation":{"x":0.028651798143982889,"y":0.9483347535133362,"z":-0.3030598759651184,"w":0.08989588171243668},"size":84.13381958007813,"orthographic":false}