{"cameraMode":{"drawMode":0,"name":"Shaded","section":"Shading Mode"},"sceneLighting":false,"audioPlay":false,"sceneViewState":{"showFog":true,"showMaterialUpdate":false,"showSkybox":false,"showFlares":true,"showImageEffects":true,"showParticleSystems":true},"in2DMode":false,"pivot":{"x":-1.9746586084365845,"y":3.2335031032562258,"z":3.1827831268310549},"rotation":{"x":-0.14229106903076173,"y":0.8063861131668091,"z":-0.21563377976417542,"w":-0.5320058465003967},"size":5.640262603759766,"orthographic":false}