{"cameraMode":{"drawMode":0,"name":"Shaded","section":"Shading Mode"},"sceneLighting":false,"audioPlay":false,"sceneViewState":{"showFog":true,"showMaterialUpdate":false,"showSkybox":false,"showFlares":true,"showImageEffects":true,"showParticleSystems":true},"in2DMode":false,"pivot":{"x":-0.2671029567718506,"y":0.2637849748134613,"z":-0.7493106126785278},"rotation":{"x":0.2967495620250702,"y":-0.2469671666622162,"z":0.07968941330909729,"w":0.9190415143966675},"size":5.640262603759766,"orthographic":false}