{"cameraMode":{"drawMode":0,"name":"Shaded","section":"Shading Mode"},"sceneLighting":false,"audioPlay":false,"sceneViewState":{"showFog":true,"showMaterialUpdate":false,"showSkybox":false,"showFlares":true,"showImageEffects":true,"showParticleSystems":true},"in2DMode":false,"pivot":{"x":564.13427734375,"y":285.16693115234377,"z":15.649739265441895},"rotation":{"x":0.32443439960479739,"y":0.07509265840053559,"z":-0.02584679424762726,"w":0.9425712823867798},"size":22.0,"orthographic":false}