{"cameraMode":{"drawMode":0,"name":"Shaded","section":"Shading Mode"},"sceneLighting":false,"audioPlay":false,"sceneViewState":{"showFog":true,"showMaterialUpdate":false,"showSkybox":true,"showFlares":true,"showImageEffects":true,"showParticleSystems":true},"in2DMode":false,"pivot":{"x":12.306182861328125,"y":11.388534545898438,"z":-3.305431365966797},"rotation":{"x":-0.5200440883636475,"y":-0.0468449629843235,"z":0.028583062812685968,"w":-0.852401614189148},"size":10.0,"orthographic":false}