{"cameraMode":{"drawMode":0,"name":"Shaded","section":"Shading Mode"},"sceneLighting":false,"audioPlay":false,"sceneViewState":{"showFog":true,"showMaterialUpdate":false,"showSkybox":true,"showFlares":true,"showImageEffects":true,"showParticleSystems":true},"in2DMode":false,"pivot":{"x":2.5273866653442385,"y":2.2368509769439699,"z":1.4483550786972047},"rotation":{"x":-0.09371991455554962,"y":0.8455194234848023,"z":-0.1580643206834793,"w":-0.5013275146484375},"size":5.7157673835754398,"orthographic":false}