{"cameraMode":{"drawMode":0,"name":"Shaded","section":"Shading Mode"},"sceneLighting":false,"audioPlay":false,"sceneViewState":{"showFog":true,"showMaterialUpdate":false,"showSkybox":false,"showFlares":true,"showImageEffects":true,"showParticleSystems":true},"in2DMode":false,"pivot":{"x":0.9736630916595459,"y":0.04888033866882324,"z":1.378869891166687},"rotation":{"x":-0.2045767903327942,"y":-0.6238072514533997,"z":0.17386041581630708,"w":-0.7340283989906311},"size":5.640262603759766,"orthographic":false}