{"cameraMode":{"drawMode":0,"name":"Shaded","section":"Shading Mode"},"sceneLighting":false,"audioPlay":false,"sceneViewState":{"showFog":true,"showMaterialUpdate":false,"showSkybox":false,"showFlares":true,"showImageEffects":true,"showParticleSystems":true},"in2DMode":false,"pivot":{"x":-70.74382781982422,"y":-88.49844360351563,"z":58.63459014892578},"rotation":{"x":-0.37590739130973818,"y":0.029975757002830507,"z":-0.01144833117723465,"w":-0.9262656569480896},"size":136.01724243164063,"orthographic":false}