{"cameraMode":{"drawMode":0,"name":"Shaded","section":"Shading Mode"},"sceneLighting":true,"audioPlay":false,"sceneViewState":{"showFog":true,"showMaterialUpdate":false,"showSkybox":true,"showFlares":true,"showImageEffects":true,"showParticleSystems":true},"in2DMode":false,"pivot":{"x":-0.847900390625,"y":0.3695640563964844,"z":-20.415063858032228},"rotation":{"x":-0.06624188274145127,"y":0.8505394458770752,"z":-0.10857851803302765,"w":-0.5107423663139343},"size":46.10581970214844,"orthographic":false}