{"cameraMode":{"drawMode":0,"name":"Shaded","section":"Shading Mode"},"sceneLighting":false,"audioPlay":false,"sceneViewState":{"showFog":true,"showMaterialUpdate":false,"showSkybox":true,"showFlares":true,"showImageEffects":true,"showParticleSystems":true},"in2DMode":false,"pivot":{"x":12.62796401977539,"y":7.3500871658325199,"z":-0.09102962166070938},"rotation":{"x":-0.4137279987335205,"y":0.16030636429786683,"z":-0.07425493001937866,"w":-0.8931188583374023},"size":10.0,"orthographic":false}