{"cameraMode":{"drawMode":0,"name":"Shaded","section":"Shading Mode"},"sceneLighting":true,"audioPlay":false,"sceneViewState":{"showFog":true,"showMaterialUpdate":false,"showSkybox":true,"showFlares":true,"showImageEffects":true,"showParticleSystems":true},"in2DMode":false,"pivot":{"x":-13.86911678314209,"y":-2.241698980331421,"z":-32.03871536254883},"rotation":{"x":-0.0032126868609339,"y":0.9968153834342957,"z":-0.0748814195394516,"w":-0.033750981092453},"size":46.10581970214844,"orthographic":false}