{"cameraMode":{"drawMode":0,"name":"Shaded","section":"Shading Mode"},"sceneLighting":false,"audioPlay":false,"sceneViewState":{"showFog":true,"showMaterialUpdate":false,"showSkybox":true,"showFlares":true,"showImageEffects":true,"showParticleSystems":true},"in2DMode":false,"pivot":{"x":7.364950656890869,"y":25.937543869018556,"z":1.350122332572937},"rotation":{"x":-0.6652525663375855,"y":-0.0006595810991711915,"z":0.0006139889010228217,"w":-0.7466560006141663},"size":10.0,"orthographic":false}