{"cameraMode":{"drawMode":0,"name":"Shaded","section":"Shading Mode"},"sceneLighting":false,"audioPlay":false,"sceneViewState":{"showFog":true,"showMaterialUpdate":false,"showSkybox":true,"showFlares":true,"showImageEffects":true,"showParticleSystems":true},"in2DMode":false,"pivot":{"x":11.677451133728028,"y":23.10540199279785,"z":-33.15876007080078},"rotation":{"x":0.05174233391880989,"y":-0.9479697942733765,"z":0.20981067419052125,"w":0.23378531634807588},"size":22.0,"orthographic":false}