{"cameraMode":{"drawMode":0,"name":"Shaded","section":"Shading Mode"},"sceneLighting":true,"audioPlay":false,"sceneViewState":{"showFog":true,"showMaterialUpdate":false,"showSkybox":true,"showFlares":true,"showImageEffects":true,"showParticleSystems":true},"in2DMode":false,"pivot":{"x":0.0,"y":8.656643757376514e-8,"z":-4.726171970367432},"rotation":{"x":0.16235078871250153,"y":0.5447568893432617,"z":-0.10844413191080094,"w":0.8155501484870911},"size":10.185900688171387,"orthographic":false}