{"cameraMode":{"drawMode":0,"name":"Shaded","section":"Shading Mode"},"sceneLighting":true,"audioPlay":false,"sceneViewState":{"showFog":true,"showMaterialUpdate":false,"showSkybox":true,"showFlares":true,"showImageEffects":true,"showParticleSystems":true},"in2DMode":false,"pivot":{"x":-0.7526149749755859,"y":1.7495675086975098,"z":-4.290602684020996},"rotation":{"x":0.16235078871250153,"y":0.5447568893432617,"z":-0.10844413191080094,"w":0.8155501484870911},"size":19.889848709106447,"orthographic":false}