{"cameraMode":{"drawMode":0,"name":"Shaded","section":"Shading Mode"},"sceneLighting":false,"audioPlay":false,"sceneViewState":{"showFog":true,"showMaterialUpdate":false,"showSkybox":true,"showFlares":true,"showImageEffects":true,"showParticleSystems":true},"in2DMode":false,"pivot":{"x":5.806443214416504,"y":5.15588903427124,"z":17.331619262695314},"rotation":{"x":0.22853486239910127,"y":-0.3520936667919159,"z":0.08908479660749436,"w":0.903252899646759},"size":2.8578836917877199,"orthographic":false}