{"cameraMode":{"drawMode":0,"name":"Shaded","section":"Shading Mode"},"sceneLighting":false,"audioPlay":false,"sceneViewState":{"showFog":true,"showMaterialUpdate":false,"showSkybox":true,"showFlares":true,"showImageEffects":true,"showParticleSystems":true},"in2DMode":false,"pivot":{"x":6.795799255371094,"y":-6.932281494140625,"z":23.932941436767579},"rotation":{"x":-0.11550422757863999,"y":-0.875562846660614,"z":0.2582438886165619,"w":-0.3916102349758148},"size":81.04138946533203,"orthographic":false}