{"cameraMode":{"drawMode":0,"name":"Shaded","section":"Shading Mode"},"sceneLighting":true,"audioPlay":false,"sceneViewState":{"showFog":true,"showMaterialUpdate":false,"showSkybox":true,"showFlares":true,"showImageEffects":true,"showParticleSystems":true},"in2DMode":false,"pivot":{"x":0.9901360273361206,"y":5.072182655334473,"z":2.3302736282348635},"rotation":{"x":-0.32711488008499148,"y":-0.15162089467048646,"z":0.053260091692209247,"w":-0.9312198758125305},"size":22.0,"orthographic":false}