{"cameraMode":{"drawMode":0,"name":"Shaded","section":"Shading Mode"},"sceneLighting":true,"audioPlay":false,"sceneViewState":{"showFog":true,"showMaterialUpdate":false,"showSkybox":true,"showFlares":true,"showImageEffects":true,"showParticleSystems":true},"in2DMode":false,"pivot":{"x":3.373645544052124,"y":-7.62962532043457,"z":5.839209079742432},"rotation":{"x":-0.3651580512523651,"y":-0.006426261272281408,"z":0.002520559821277857,"w":-0.9309200048446655},"size":20.924997329711915,"orthographic":false}