{"cameraMode":{"drawMode":0,"name":"Shaded","section":"Shading Mode"},"sceneLighting":true,"audioPlay":false,"sceneViewState":{"showFog":true,"showMaterialUpdate":false,"showSkybox":true,"showFlares":true,"showImageEffects":true,"showParticleSystems":true},"in2DMode":false,"pivot":{"x":-13.690518379211426,"y":-2.412142038345337,"z":21.1373348236084},"rotation":{"x":-0.18913160264492036,"y":0.6173022389411926,"z":-0.15618711709976197,"w":-0.7475110292434692},"size":29.697193145751954,"orthographic":false}