{"cameraMode":{"drawMode":0,"name":"Shaded","section":"Shading Mode"},"sceneLighting":false,"audioPlay":false,"sceneViewState":{"showFog":true,"showMaterialUpdate":false,"showSkybox":true,"showFlares":true,"showImageEffects":true,"showParticleSystems":true},"in2DMode":false,"pivot":{"x":-0.19153499603271485,"y":11.724716186523438,"z":26.605188369750978},"rotation":{"x":-0.1409786194562912,"y":-0.8111224174499512,"z":0.21822546422481538,"w":-0.5240069031715393},"size":8.716808319091797,"orthographic":false}