{"cameraMode":{"drawMode":0,"name":"Shaded","section":"Shading Mode"},"sceneLighting":false,"audioPlay":false,"sceneViewState":{"showFog":true,"showMaterialUpdate":false,"showSkybox":true,"showFlares":true,"showImageEffects":true,"showParticleSystems":true},"in2DMode":false,"pivot":{"x":3.888354778289795,"y":4.404967308044434,"z":18.619653701782228},"rotation":{"x":-0.12126929312944412,"y":-0.8712888360023499,"z":0.2698196768760681,"w":-0.3915952146053314},"size":2.8578836917877199,"orthographic":false}