{"cameraMode":{"drawMode":0,"name":"Shaded","section":"Shading Mode"},"sceneLighting":false,"audioPlay":false,"sceneViewState":{"showFog":true,"showMaterialUpdate":false,"showSkybox":true,"showFlares":true,"showImageEffects":true,"showParticleSystems":true},"in2DMode":false,"pivot":{"x":5.701929092407227,"y":4.619085311889648,"z":20.069665908813478},"rotation":{"x":0.11448366940021515,"y":-0.8475886583328247,"z":0.20366138219833375,"w":0.47645464539527895},"size":2.8578836917877199,"orthographic":false}