{"cameraMode":{"drawMode":0,"name":"Shaded","section":"Shading Mode"},"sceneLighting":false,"audioPlay":false,"sceneViewState":{"showFog":true,"showMaterialUpdate":false,"showSkybox":true,"showFlares":true,"showImageEffects":true,"showParticleSystems":true},"in2DMode":false,"pivot":{"x":-47.37192153930664,"y":-9.252243041992188,"z":58.27238464355469},"rotation":{"x":0.03845582157373428,"y":-0.8008475303649902,"z":0.05172652751207352,"w":0.5953910946846008},"size":65.42047119140625,"orthographic":false}